set_id,one,four,small,fist,me
0,files/0/one.mp4,files/0/four.mp4,files/0/small.mp4,files/0/fist.mp4,files/0/me.mp4
1,files/1/one.mp4,files/1/four.mp4,files/1/small.mp4,files/1/fist.mp4,files/1/me.mp4
2,files/2/one.mp4,files/2/four.mp4,files/2/small.mp4,files/2/fist.mp4,files/2/me.mp4
3,files/3/one.mp4,files/3/four.mp4,files/3/small.mp4,files/3/fist.mp4,files/3/me.mp4
4,files/4/one.mp4,files/4/four.mp4,files/4/small.mp4,files/4/fist.mp4,files/4/me.mp4
5,files/5/one.mp4,files/5/four.mp4,files/5/small.mp4,files/5/fist.mp4,files/5/me.mp4
6,files/6/one.mp4,files/6/four.mp4,files/6/small.mp4,files/6/fist.mp4,files/6/me.mp4
7,files/7/one.mp4,files/7/four.mp4,files/7/small.mp4,files/7/fist.mp4,files/7/me.mp4
8,files/8/one.mp4,files/8/four.mp4,files/8/small.mp4,files/8/fist.mp4,files/8/me.mp4
9,files/9/one.mp4,files/9/four.mp4,files/9/small.mp4,files/9/fist.mp4,files/9/me.mp4
10,files/10/one.mp4,files/10/four.mp4,files/10/small.mp4,files/10/fist.mp4,files/10/me.mp4
11,files/11/one.mp4,files/11/four.mp4,files/11/small.mp4,files/11/fist.mp4,files/11/me.mp4
12,files/12/one.mp4,files/12/four.mp4,files/12/small.mp4,files/12/fist.mp4,files/12/me.mp4
13,files/13/one.mp4,files/13/four.mp4,files/13/small.mp4,files/13/fist.mp4,files/13/me.mp4
14,files/14/one.mp4,files/14/four.mp4,files/14/small.mp4,files/14/fist.mp4,files/14/me.mp4
15,files/15/one.mp4,files/15/four.mp4,files/15/small.mp4,files/15/fist.mp4,files/15/me.mp4
16,files/16/one.mp4,files/16/four.mp4,files/16/small.mp4,files/16/fist.mp4,files/16/me.mp4
17,files/17/one.mp4,files/17/four.mp4,files/17/small.mp4,files/17/fist.mp4,files/17/me.mp4
18,files/18/one.mp4,files/18/four.mp4,files/18/small.mp4,files/18/fist.mp4,files/18/me.mp4
19,files/19/one.mov,files/19/four.MOV,files/19/small.MOV,files/19/fist.MOV,files/19/me.MOV
20,files/20/one.mp4,files/20/four.mp4,files/20/small.mp4,files/20/fist.mp4,files/20/me.mp4
21,files/21/one.mp4,files/21/four.mp4,files/21/small.mp4,files/21/fist.mp4,files/21/me.mp4
22,files/22/one.mp4,files/22/four.mp4,files/22/small.mp4,files/22/fist.mp4,files/22/me.mp4
23,files/23/one.mp4,files/23/four.mp4,files/23/small.mp4,files/23/fist.mp4,files/23/me.mp4
24,files/24/one.mp4,files/24/four.mp4,files/24/small.mp4,files/24/fist.mp4,files/24/me.mp4
25,files/25/one.mp4,files/25/four.mp4,files/25/small.mp4,files/25/fist.mp4,files/25/me.mp4
26,files/26/one.mp4,files/26/four.mp4,files/26/small.mp4,files/26/fist.mp4,files/26/me.mp4
27,files/27/one.mp4,files/27/four.mp4,files/27/small.mp4,files/27/fist.mp4,files/27/me.mp4
